Furniture,Total Production,Average Production
Chairs,979,69.92857142857143
Tables,419,29.928571428571427
Couches,626,44.714285714285715
Recliners,908,64.85714285714286
